{
    "best_val_epoch": [
        12,
        17,
        147,
        43
    ],
    "best_val_result": [
        1.1907703876495361,
        0.5839902758598328,
        0.2978556752204895,
        0.16040483117103577
    ]
}
